label,_x0,_y0,_z0,_x1,_y1,_z1,_x2,_y2,_z2,_x3,_y3,_z3,_x4,_y4,_z4,_x5,_y5,_z5,_x6,_y6,_z6,_x7,_y7,_z7,_x8,_y8,_z8,_x9,_y9,_z9,_x10,_y10,_z10,_x11,_y11,_z11,_x12,_y12,_z12,_x13,_y13,_z13,_x14,_y14,_z14,_x15,_y15,_z15,_x16,_y16,_z16,_x17,_y17,_z17,_x18,_y18,_z18,_x19,_y19,_z19,_x20,_y20,_z20
4,0.3862212300300598,0.823867917060852,5.026233225180476e-07,0.5752136707305908,0.799233078956604,-0.053634170442819595,0.7135068774223328,0.6156631708145142,-0.048934511840343475,0.6986916065216064,0.43000033497810364,-0.04118245095014572,0.6045035123825073,0.37148749828338623,-0.030715085566043854,0.6972862482070923,0.463108628988266,0.027184966951608658,0.7692527770996094,0.35059505701065063,0.02664012275636196,0.7984203100204468,0.2769508361816406,0.011215722188353539,0.8105266690254211,0.2178008258342743,-0.008391767740249634,0.5928689241409302,0.3970019817352295,0.03412729874253273,0.6508916616439819,0.2735312581062317,0.04355655238032341,0.6857245564460754,0.2157174050807953,0.03220716118812561,0.6982422471046448,0.18161356449127197,0.014795584604144096,0.47914576530456543,0.3633395731449127,0.029234083369374275,0.5271160006523132,0.22567394375801086,0.009453920647501945,0.5609214901924133,0.19217771291732788,-0.009021942503750324,0.5598282814025879,0.20018714666366577,-0.024277441203594208,0.34487390518188477,0.35502758622169495,0.01805368810892105,0.38659387826919556,0.2171701192855835,-0.015861572697758675,0.4225344657897949,0.20844435691833496,-0.0249799732118845,0.4279025197029114,0.24889621138572693,-0.03035016916692257
4,0.3860817849636078,0.835771918296814,4.0323075722881185e-07,0.5607088804244995,0.8170466423034668,-0.05122500658035278,0.6923832893371582,0.6427478194236755,-0.05337786674499512,0.6750459671020508,0.473848432302475,-0.055462174117565155,0.5810130834579468,0.4088563621044159,-0.05397516489028931,0.655907928943634,0.4602371156215668,0.03442179039120674,0.7176601886749268,0.3471274971961975,0.01830200105905533,0.7536656856536865,0.2915136516094208,-0.006460245233029127,0.764298677444458,0.27056270837783813,-0.024444319307804108,0.5569065809249878,0.407970666885376,0.03779730573296547,0.6059526205062866,0.2660253345966339,0.03055419772863388,0.6548375487327576,0.23673447966575623,0.010596795938909054,0.6702684760093689,0.25229141116142273,-0.004694179631769657,0.4492121934890747,0.3830874562263489,0.028379663825035095,0.4919956624507904,0.22501665353775024,-0.003167159855365753,0.5409538149833679,0.21628537774085999,-0.0252960454672575,0.5462861657142639,0.2631682753562927,-0.03625807911157608,0.3244125247001648,0.3806397020816803,0.013797592371702194,0.37015390396118164,0.22528782486915588,-0.024719377979636192,0.4217137396335602,0.23201319575309753,-0.033782072365283966,0.43752118945121765,0.3016076683998108,-0.03486393764615059
4,0.39391252398490906,0.8069220185279846,5.131683451509161e-07,0.575191855430603,0.7855672836303711,-0.05807316675782204,0.7106097936630249,0.6107906699180603,-0.05878342315554619,0.6922081112861633,0.4339417517185211,-0.05528642237186432,0.6008744239807129,0.3733502924442291,-0.048346079885959625,0.6913029551506042,0.46351873874664307,0.012272399850189686,0.7598572373390198,0.35150641202926636,0.0008900128887034953,0.793776273727417,0.2772288918495178,-0.01787887141108513,0.8129603862762451,0.22132951021194458,-0.03637831658124924,0.5880974531173706,0.39879077672958374,0.0211880411952734,0.6457077264785767,0.2814861536026001,0.021784311160445213,0.6829730272293091,0.22257232666015625,0.01096505206078291,0.7026903033256531,0.19190886616706848,-0.003524848958477378,0.4759976863861084,0.36479711532592773,0.017894906923174858,0.521709680557251,0.23304778337478638,-0.00981410127133131,0.5574567317962646,0.1989212930202484,-0.025007417425513268,0.5638789534568787,0.20937654376029968,-0.034797802567481995,0.34644392132759094,0.35369598865509033,0.008352507837116718,0.3865329623222351,0.2136138379573822,-0.03176243230700493,0.42617154121398926,0.20657449960708618,-0.039074890315532684,0.4383523166179657,0.25198453664779663,-0.04028087109327316
4,0.4143584668636322,0.8078526258468628,6.231063593986619e-07,0.6048675775527954,0.7888402938842773,-0.06387504935264587,0.7588667273521423,0.613538920879364,-0.07047170400619507,0.7449177503585815,0.42974787950515747,-0.0714036226272583,0.6347054243087769,0.37089991569519043,-0.06985010951757431,0.7385227680206299,0.4544012248516083,0.006524494383484125,0.8007420301437378,0.34294217824935913,-0.009526137262582779,0.8283265829086304,0.2676243185997009,-0.03422719985246658,0.8397408723831177,0.2129814624786377,-0.056398577988147736,0.6232545375823975,0.39177390933036804,0.01608668826520443,0.6711655259132385,0.26627659797668457,0.010583787225186825,0.7036739587783813,0.2168683409690857,-0.004878155887126923,0.7154304385185242,0.19767892360687256,-0.020027125254273415,0.5009544491767883,0.36188453435897827,0.013628636486828327,0.5365839004516602,0.22339272499084473,-0.012453808449208736,0.5613794922828674,0.19285538792610168,-0.023626456037163734,0.556406557559967,0.20007950067520142,-0.030448811128735542,0.36631110310554504,0.3559911847114563,0.004197891801595688,0.3979172706604004,0.21744650602340698,-0.027502477169036865,0.4314265847206116,0.2052050530910492,-0.02817387320101261,0.43807101249694824,0.2368159294128418,-0.025455905124545097
8,0.357972651720047,0.8773225545883179,-1.3323887060323614e-06,0.5142145156860352,0.8508858680725098,-0.06972263008356094,0.6466532945632935,0.6841360330581665,-0.08708326518535614,0.671985924243927,0.5209755301475525,-0.10286468267440796,0.5949581265449524,0.42200377583503723,-0.10726925730705261,0.6386673450469971,0.5572172403335571,-0.02391255460679531,0.7312994003295898,0.46844950318336487,-0.10061696916818619,0.7097517251968384,0.5536949634552002,-0.1385461688041687,0.6717386245727539,0.616375207901001,-0.14328351616859436,0.54876309633255,0.5146315097808838,-0.0157465860247612,0.6190516948699951,0.4420851171016693,-0.09834840893745422,0.6012334227561951,0.5445178747177124,-0.13003356754779816,0.5837526321411133,0.6086735129356384,-0.1281132698059082,0.4498887360095978,0.4869112968444824,-0.021816780790686607,0.5005291104316711,0.4178006947040558,-0.11134526133537292,0.4948800504207611,0.5298596620559692,-0.11923138052225113,0.47985291481018066,0.6157450675964355,-0.09178081899881363,0.33801543712615967,0.4619280993938446,-0.03155425190925598,0.377604603767395,0.2865268588066101,-0.08065395802259445,0.4045710265636444,0.17907828092575073,-0.08558502048254013,0.4310465157032013,0.07944270968437195,-0.07282910495996475
8,0.3861352205276489,0.8485313057899475,-2.5396846581315913e-07,0.5505149960517883,0.8321081399917603,-0.07592679560184479,0.6922256946563721,0.6607069969177246,-0.09061299264431,0.7060505151748657,0.4902559518814087,-0.09866181761026382,0.6103249192237854,0.39190980792045593,-0.1002945527434349,0.7179825305938721,0.5550810694694519,-0.020346080884337425,0.7872984409332275,0.493565171957016,-0.06958119571208954,0.8142221570014954,0.47895997762680054,-0.10381153970956802,0.8413566946983337,0.4560679495334625,-0.12147258222103119,0.6179606914520264,0.4948517382144928,-0.010712803341448307,0.6756043434143066,0.4187958836555481,-0.07638418674468994,0.6589629054069519,0.48234036564826965,-0.10697616636753082,0.6579185128211975,0.5168631672859192,-0.10813852399587631,0.5041320323944092,0.46646013855934143,-0.013511477038264275,0.535767674446106,0.40530115365982056,-0.08956892788410187,0.5270928144454956,0.5010314583778381,-0.09166152030229568,0.525926411151886,0.5743059515953064,-0.06478049606084824,0.38236355781555176,0.4556662440299988,-0.022209417074918747,0.40202394127845764,0.30400803685188293,-0.06500433385372162,0.4050973653793335,0.2022872269153595,-0.06479591876268387,0.4160163998603821,0.11912369728088379,-0.052195437252521515
12,0.3934413194656372,0.850804328918457,-1.8615386920828314e-07,0.2617669701576233,0.7458341121673584,-0.029709994792938232,0.20156076550483704,0.5944988131523132,-0.045644331723451614,0.2191113531589508,0.4554879665374756,-0.06527851521968842,0.2619651257991791,0.3499697148799896,-0.08059847354888916,0.28316548466682434,0.43405842781066895,0.010355153121054173,0.2826787233352661,0.3080568015575409,-0.027101052924990654,0.2886439561843872,0.3148619532585144,-0.05991752818226814,0.3007832169532776,0.34118881821632385,-0.07970292866230011,0.39168408513069153,0.40668225288391113,-0.002326982095837593,0.40231332182884216,0.2620841860771179,-0.03018956258893013,0.41111624240875244,0.25769197940826416,-0.05884915590286255,0.4193234145641327,0.2655707895755768,-0.07351072132587433,0.5032616853713989,0.40985268354415894,-0.022861195728182793,0.5300381183624268,0.2629450857639313,-0.05597298592329025,0.5405961275100708,0.2393415868282318,-0.06298794597387314,0.5440887212753296,0.22309088706970215,-0.06151387840509415,0.608973503112793,0.44618329405784607,-0.04619957134127617,0.6449963450431824,0.3294665813446045,-0.06892786920070648,0.6619527339935303,0.28043654561042786,-0.06106339022517204,0.668109655380249,0.23601371049880981,-0.04904285818338394
16,0.44232112169265747,0.6250760555267334,4.641538566829695e-07,0.5185731649398804,0.6219069361686707,-0.03793419897556305,0.589494526386261,0.579704225063324,-0.05639515817165375,0.6304786205291748,0.5302753448486328,-0.06974563747644424,0.6487851738929749,0.48457854986190796,-0.08063957840204239,0.5330256819725037,0.47819483280181885,-0.03868963196873665,0.5766099095344543,0.40844178199768066,-0.05931054428219795,0.6162718534469604,0.38128936290740967,-0.07321583479642868,0.6482210755348206,0.3674243688583374,-0.08167616277933121,0.5054969787597656,0.46329575777053833,-0.028743309900164604,0.5572636723518372,0.40031611919403076,-0.04590902104973793,0.5959539413452148,0.37326470017433167,-0.05581805855035782,0.6274596452713013,0.3570684492588043,-0.06266079097986221,0.48631545901298523,0.4565263092517853,-0.022116392850875854,0.537276566028595,0.3978005647659302,-0.035876303911209106,0.5753823518753052,0.3710949420928955,-0.03686106577515602,0.6058192253112793,0.35344207286834717,-0.03657350316643715,0.47287219762802124,0.4571727514266968,-0.01936124637722969,0.5203061699867249,0.404386043548584,-0.025751931592822075,0.5564990639686584,0.3754914700984955,-0.02366180159151554,0.5860607624053955,0.3608063757419586,-0.021132532507181168
8,0.34673061966896057,0.8417247533798218,-1.1315025858493755e-06,0.5035179257392883,0.8324670791625977,-0.0699506551027298,0.6437069177627563,0.67325359582901,-0.08710098266601562,0.6672245264053345,0.5150039792060852,-0.1003272607922554,0.5732437372207642,0.42438018321990967,-0.10299381613731384,0.6585963368415833,0.5551232695579529,-0.037401407957077026,0.7458710670471191,0.48227259516716003,-0.11413156241178513,0.7289999723434448,0.5558331608772278,-0.15162383019924164,0.7041091918945312,0.612074077129364,-0.15699134767055511,0.5636162757873535,0.5067378282546997,-0.029266677796840668,0.6265190243721008,0.44092899560928345,-0.11089497804641724,0.5976932644844055,0.5386512875556946,-0.13908176124095917,0.5782037973403931,0.6033303737640381,-0.13445685803890228,0.4559344947338104,0.4766036868095398,-0.034714967012405396,0.49604469537734985,0.417463481426239,-0.12294019758701324,0.47559118270874023,0.5197306871414185,-0.12903381884098053,0.4556131958961487,0.6004014015197754,-0.10097645223140717,0.33965861797332764,0.45366060733795166,-0.043874699622392654,0.3742651045322418,0.2843855619430542,-0.09237930923700333,0.3980075716972351,0.17638161778450012,-0.09834413975477219,0.42730826139450073,0.08643445372581482,-0.08745301514863968
16,0.461111456155777,0.6221628189086914,4.26091474992063e-07,0.5292746424674988,0.6222823858261108,-0.0372471921145916,0.5958164930343628,0.580959677696228,-0.05167226493358612,0.6332887411117554,0.5325648784637451,-0.060937244445085526,0.6502000689506531,0.48676738142967224,-0.06712158024311066,0.5443691611289978,0.4886053800582886,-0.02997671440243721,0.5823469161987305,0.4238746464252472,-0.04865241423249245,0.620223343372345,0.4011290669441223,-0.06225594878196716,0.6525432467460632,0.3944138288497925,-0.06980633735656738,0.5239323973655701,0.47623616456985474,-0.01859070546925068,0.5660769939422607,0.41764122247695923,-0.03370461240410805,0.6032232046127319,0.39308691024780273,-0.044745709747076035,0.637171745300293,0.38316965103149414,-0.05201098695397377,0.511650025844574,0.47096189856529236,-0.010910464450716972,0.5562902092933655,0.41849055886268616,-0.023669660091400146,0.593085765838623,0.3970049321651459,-0.027414020150899887,0.6245971918106079,0.3860941231250763,-0.02858501300215721,0.5033354759216309,0.47274571657180786,-0.006975934375077486,0.5467277765274048,0.4275754690170288,-0.014386547729372978,0.5815632343292236,0.40443792939186096,-0.014491142705082893,0.6112374067306519,0.39487677812576294,-0.012820566073060036
8,0.37399837374687195,0.8504539132118225,-9.65974322753027e-07,0.5189061760902405,0.8232515454292297,-0.04799102991819382,0.6352185010910034,0.6709491014480591,-0.058712176978588104,0.6537308692932129,0.5279505252838135,-0.0705140009522438,0.5884238481521606,0.4330599904060364,-0.0773082748055458,0.6265560388565063,0.5543563961982727,-0.005309737287461758,0.7144859433174133,0.489432156085968,-0.05850549042224884,0.7322100400924683,0.5268890261650085,-0.09058583527803421,0.7271470427513123,0.5613905787467957,-0.09748604893684387,0.5505585670471191,0.5116555094718933,-0.005196933634579182,0.6263347864151001,0.43198248744010925,-0.0730808898806572,0.6305908560752869,0.5118844509124756,-0.10728760808706284,0.6235288381576538,0.581757664680481,-0.10911928117275238,0.4579129219055176,0.4837305545806885,-0.014750096015632153,0.522887647151947,0.4102351665496826,-0.09431179612874985,0.5246341228485107,0.5176804661750793,-0.10733867436647415,0.5089638829231262,0.611855685710907,-0.08411574363708496,0.3482927680015564,0.46357572078704834,-0.025418849661946297,0.371700644493103,0.2919824719429016,-0.07029416412115097,0.389207124710083,0.18262523412704468,-0.07591332495212555,0.4040220081806183,0.08770927786827087,-0.06499119848012924
13,0.3825863003730774,0.6150082945823669,-1.0402228411976466e-07,0.4376205801963806,0.5603658556938171,-0.03742801398038864,0.45671215653419495,0.4781579375267029,-0.059320416301488876,0.4534710645675659,0.41045087575912476,-0.07926325500011444,0.44708627462387085,0.3689267337322235,-0.09674429148435593,0.37026721239089966,0.410908043384552,-0.03539460152387619,0.39525899291038513,0.34194305539131165,-0.08385427296161652,0.44209960103034973,0.3470028042793274,-0.11583203822374344,0.47671395540237427,0.37294909358024597,-0.13000214099884033,0.3337124288082123,0.4381536543369293,-0.03426552936434746,0.38761597871780396,0.39049261808395386,-0.08449877798557281,0.4332100450992584,0.440802663564682,-0.10226623713970184,0.44908764958381653,0.49067628383636475,-0.10382000356912613,0.3073786497116089,0.4760308861732483,-0.0392419658601284,0.3644985258579254,0.44643327593803406,-0.08334846794605255,0.4016663432121277,0.4920368194580078,-0.07804073393344879,0.4126284420490265,0.5345476865768433,-0.06311997026205063,0.2864941954612732,0.5221736431121826,-0.04746049642562866,0.33235931396484375,0.5048913359642029,-0.07189574837684631,0.36558201909065247,0.5342314839363098,-0.061301179230213165,0.37747490406036377,0.5605039000511169,-0.04551137983798981
5,0.7585044503211975,0.268409788608551,5.248868433227472e-07,0.6636962294578552,0.2961796522140503,-0.01981991156935692,0.5986014604568481,0.3712815046310425,-0.03360115736722946,0.5618219971656799,0.428491473197937,-0.048005007207393646,0.5295677185058594,0.4677048325538635,-0.06108564883470535,0.7000698447227478,0.48718297481536865,-0.01641196198761463,0.6803248524665833,0.5752623081207275,-0.050819553434848785,0.6371769905090332,0.6255726218223572,-0.0798126608133316,0.5997756123542786,0.6546365022659302,-0.09618861228227615,0.748051643371582,0.5034195184707642,-0.021759944036602974,0.7263345122337341,0.6012575626373291,-0.048809126019477844,0.6845746040344238,0.6510227918624878,-0.06809759140014648,0.6468601822853088,0.6849191188812256,-0.07983360439538956,0.793937087059021,0.5118449926376343,-0.031082242727279663,0.7762714624404907,0.6056942343711853,-0.0526178739964962,0.7349092960357666,0.6557730436325073,-0.056992486119270325,0.6974931359291077,0.6907645463943481,-0.057266965508461,0.8370233178138733,0.5091355443000793,-0.04327483847737312,0.8308053612709045,0.5935155749320984,-0.05368487536907196,0.8046973943710327,0.6429533362388611,-0.04920334368944168,0.7751899361610413,0.6752899885177612,-0.04379058629274368
17,0.5075996518135071,0.6490753889083862,-1.289798774450901e-07,0.5785461068153381,0.6265468597412109,-0.03666127100586891,0.640055775642395,0.5675418972969055,-0.06498090922832489,0.6701821088790894,0.5118831396102905,-0.09233351796865463,0.6777356863021851,0.47136378288269043,-0.11976274102926254,0.5988432765007019,0.47279056906700134,-0.0475391149520874,0.6360146999359131,0.41271424293518066,-0.0847846195101738,0.6597751379013062,0.40194109082221985,-0.10855138301849365,0.673877477645874,0.39538809657096863,-0.1242491826415062,0.5497976541519165,0.46666908264160156,-0.04777732491493225,0.6135792136192322,0.4586730897426605,-0.09713326394557953,0.6281440258026123,0.5270093679428101,-0.11160304397344589,0.6154295802116394,0.5754779577255249,-0.11442100256681442,0.5062867999076843,0.4795536994934082,-0.051707953214645386,0.5568163990974426,0.4703812301158905,-0.10163998603820801,0.5676008462905884,0.5351197123527527,-0.0949462428689003,0.5538429617881775,0.5814042091369629,-0.08165711909532547,0.4625985622406006,0.506771445274353,-0.0576898455619812,0.5133048295974731,0.49523991346359253,-0.09544345736503601,0.5312382578849792,0.5469915270805359,-0.08868525922298431,0.5243660807609558,0.5885971784591675,-0.07645229995250702
4,0.3939220905303955,0.833247184753418,5.393557671595772e-07,0.5798622965812683,0.8063362836837769,-0.05806537717580795,0.7181485295295715,0.6192601323127747,-0.05737907811999321,0.7048523426055908,0.4317879378795624,-0.054190684109926224,0.615747332572937,0.3597602844238281,-0.047715600579977036,0.6913357377052307,0.4589998424053192,0.025861719623208046,0.7671835422515869,0.3477885127067566,0.01835196278989315,0.7999981641769409,0.27460354566574097,3.9292564906645566e-05,0.8143702745437622,0.21708983182907104,-0.019276665523648262,0.5878020524978638,0.39391976594924927,0.03331619128584862,0.6486416459083557,0.2717834711074829,0.03837838023900986,0.6871296167373657,0.21645984053611755,0.02888268604874611,0.7021549940109253,0.18714725971221924,0.014574076049029827,0.47476258873939514,0.3610989451408386,0.02746409736573696,0.5233529806137085,0.21929076313972473,0.002070025075227022,0.5608826875686646,0.19435232877731323,-0.011128837242722511,0.5620359182357788,0.2140711545944214,-0.01990068145096302,0.3413006067276001,0.35367903113365173,0.014823578298091888,0.3861175775527954,0.2055395543575287,-0.023835288360714912,0.42829248309135437,0.2025160789489746,-0.02971307747066021,0.43748781085014343,0.25461527705192566,-0.029992032796144485
4,0.42276865243911743,0.7598287463188171,4.62591174255067e-07,0.6140329837799072,0.7439576983451843,-0.06335213780403137,0.763419508934021,0.6331005096435547,-0.07977397739887238,0.7998455166816711,0.49841487407684326,-0.09104014188051224,0.7770139575004578,0.3844984173774719,-0.0976533368229866,0.7146540284156799,0.4453783631324768,-0.01317484863102436,0.7493460178375244,0.33231672644615173,-0.046621523797512054,0.7514085173606873,0.2928045094013214,-0.07380103319883347,0.7478673458099365,0.2780764102935791,-0.09025026857852936,0.5963000655174255,0.4035842716693878,-0.00010929051495622844,0.6305609345436096,0.3127326965332031,-0.021053781732916832,0.638243556022644,0.2876442074775696,-0.044280633330345154,0.6400671601295471,0.27769947052001953,-0.06294061988592148,0.47074389457702637,0.3860088586807251,0.0013696255628019571,0.4995110332965851,0.29468828439712524,-0.02384295128285885,0.5041946768760681,0.2684551179409027,-0.03330480307340622,0.5009433031082153,0.25872504711151123,-0.04037991538643837,0.3398953378200531,0.38487595319747925,-0.0038684853352606297,0.35710182785987854,0.2855747938156128,-0.027859870344400406,0.3719114065170288,0.263186514377594,-0.02951660193502903,0.3783102035522461,0.2596195936203003,-0.02731902338564396
4,0.4695468246936798,0.8200936317443848,5.950737431703601e-07,0.6228659152984619,0.7922000288963318,-0.06284075230360031,0.7406507730484009,0.6144227981567383,-0.07032568007707596,0.7148677110671997,0.4537258446216583,-0.07228613644838333,0.6083051562309265,0.4008145034313202,-0.07120338082313538,0.714322566986084,0.4452916979789734,0.004399833735078573,0.7653113603591919,0.32334911823272705,-0.02414482645690441,0.7916713953018188,0.2519494295120239,-0.05827346816658974,0.8032723665237427,0.21449807286262512,-0.08206140249967575,0.6065695881843567,0.3984912633895874,0.013840061612427235,0.641252338886261,0.2624047100543976,0.00024620359181426466,0.670132577419281,0.20325499773025513,-0.02242554910480976,0.6815869212150574,0.18578505516052246,-0.04125705361366272,0.48937246203422546,0.3829032778739929,0.010631775483489037,0.521399974822998,0.23699736595153809,-0.01958511583507061,0.5512009859085083,0.19040021300315857,-0.03734258934855461,0.551632821559906,0.1896556317806244,-0.04829315468668938,0.35750019550323486,0.3912891745567322,0.0007081911899149418,0.3894825577735901,0.247540682554245,-0.03472753241658211,0.422537624835968,0.226887047290802,-0.03911668062210083,0.4267321825027466,0.2543495297431946,-0.03846922516822815
5,0.7253178954124451,0.2679593563079834,-2.3340332688803755e-07,0.7760647535324097,0.35069310665130615,-0.003047320758923888,0.7867140173912048,0.45008859038352966,-0.01498043816536665,0.7614313364028931,0.523611843585968,-0.030096003785729408,0.7260737419128418,0.564349353313446,-0.041370369493961334,0.7667105197906494,0.48686984181404114,-0.015608372166752815,0.6984781622886658,0.5519201755523682,-0.04880354925990105,0.6899088025093079,0.5367677807807922,-0.07077893614768982,0.7078062295913696,0.5106651186943054,-0.08038455247879028,0.7114699482917786,0.45776236057281494,-0.02910432033240795,0.6451942920684814,0.5213056802749634,-0.05540735274553299,0.6434287428855896,0.49903109669685364,-0.06691178679466248,0.6628510355949402,0.4693777561187744,-0.07060888409614563,0.6523039937019348,0.42031019926071167,-0.0437457412481308,0.5912455320358276,0.4825037717819214,-0.06488977372646332,0.5953152775764465,0.45823758840560913,-0.05781641975045204,0.6170840263366699,0.4305862784385681,-0.048306457698345184,0.5970779657363892,0.3750966191291809,-0.058461226522922516,0.5414508581161499,0.4327629506587982,-0.06785908341407776,0.5460916757583618,0.4160556197166443,-0.0552060529589653,0.5623127222061157,0.3938339054584503,-0.04218020290136337
23,0.4335619807243347,0.3518292307853699,7.136446544819819e-09,0.510211706161499,0.35476893186569214,-0.055501725524663925,0.58241868019104,0.2777670621871948,-0.07007350772619247,0.6174618601799011,0.18717584013938904,-0.07455454021692276,0.6008275151252747,0.12274493277072906,-0.07239934056997299,0.5115256905555725,0.19909776747226715,-0.04144854098558426,0.5418018698692322,0.1268027275800705,-0.06718628108501434,0.5672531127929688,0.14455507695674896,-0.0790674164891243,0.5773312449455261,0.17579029500484467,-0.0813780426979065,0.4771142899990082,0.17296276986598969,-0.018097708001732826,0.5109513401985168,0.1092420220375061,-0.04072513431310654,0.5334291458129883,0.14586983621120453,-0.04863754287362099,0.53318852186203,0.18408837914466858,-0.04852801188826561,0.4490852355957031,0.1572822779417038,-0.0006293552578426898,0.48623454570770264,0.10218122601509094,-0.026282960548996925,0.505435049533844,0.14411798119544983,-0.023305077105760574,0.5020537972450256,0.18222437798976898,-0.014422752894461155,0.4239131212234497,0.14966937899589539,0.01298949308693409,0.4685947597026825,0.10520680248737335,-0.007744276896119118,0.484985888004303,0.1382405012845993,-0.0055095539428293705,0.48365792632102966,0.17094361782073975,0.0023623204324394464
6,0.043363362550735474,0.6972920298576355,3.6501813838185626e-07,0.10943660140037537,0.5319894552230835,-0.03040580451488495,0.2585785984992981,0.43093806505203247,-0.07188522815704346,0.4120404124259949,0.4667336642742157,-0.11595860123634338,0.5084930062294006,0.5210762619972229,-0.16079962253570557,0.3167266845703125,0.3552725315093994,-0.10687469691038132,0.5541106462478638,0.332380086183548,-0.18357931077480316,0.7029064893722534,0.32512351870536804,-0.23972690105438232,0.8268430829048157,0.3050670027732849,-0.28220611810684204,0.36613014340400696,0.4629848599433899,-0.13332252204418182,0.523481547832489,0.5550895929336548,-0.21756695210933685,0.47016212344169617,0.6036642789840698,-0.24387623369693756,0.415630578994751,0.5866925120353699,-0.2586214542388916,0.4009508192539215,0.5882904529571533,-0.15947258472442627,0.5260685086250305,0.6822500228881836,-0.21913164854049683,0.45537811517715454,0.71315598487854,-0.1973055750131607,0.3889012932777405,0.6856590509414673,-0.17977792024612427,0.4177461862564087,0.7105065584182739,-0.19158217310905457,0.5052111744880676,0.7974942922592163,-0.22496511042118073,0.4291517436504364,0.8123607635498047,-0.20390373468399048,0.3649536669254303,0.7815354466438293,-0.18436384201049805
4,0.4318392276763916,0.8183678388595581,2.5107379997280077e-07,0.6156238913536072,0.7956849336624146,-0.06215379387140274,0.7666895389556885,0.6231979131698608,-0.06957823038101196,0.7558947801589966,0.43910881876945496,-0.0732772946357727,0.647404134273529,0.3666752576828003,-0.07367745786905289,0.7458674311637878,0.4438442587852478,0.013995958492159843,0.805976390838623,0.32378530502319336,-0.008419306017458439,0.8285632729530334,0.26287296414375305,-0.038101498037576675,0.8341321349143982,0.2375575304031372,-0.06031031161546707,0.6374118328094482,0.3830437660217285,0.023038484156131744,0.6812454462051392,0.24116426706314087,0.007362154312431812,0.7173739671707153,0.21431098878383636,-0.018447395414114,0.7259817123413086,0.23736687004566193,-0.03727380558848381,0.520476758480072,0.35412636399269104,0.019744643941521645,0.5601125359535217,0.20191243290901184,-0.015382299199700356,0.5911259055137634,0.19705045223236084,-0.03762912005186081,0.5824017524719238,0.24985259771347046,-0.0479302816092968,0.38887107372283936,0.3491983711719513,0.01050226017832756,0.4259850084781647,0.19898530840873718,-0.029579205438494682,0.4637455642223358,0.19987034797668457,-0.03950764983892441,0.4646618366241455,0.2588169574737549,-0.04065931960940361
8,0.37083011865615845,0.8407816886901855,-8.508897053616238e-07,0.5199211239814758,0.8193137645721436,-0.04718894511461258,0.6362010836601257,0.6647936701774597,-0.05411228910088539,0.6427366733551025,0.5158639550209045,-0.06078334525227547,0.5492193102836609,0.4450637102127075,-0.06342649459838867,0.6365197896957397,0.55722576379776,0.004406648688018322,0.7272680997848511,0.49338605999946594,-0.04032011702656746,0.7419585585594177,0.5156984329223633,-0.07155275344848633,0.7396500706672668,0.5439837574958801,-0.08075961470603943,0.559380054473877,0.507555365562439,0.006927310023456812,0.6251803040504456,0.4333493709564209,-0.04975002631545067,0.6293390989303589,0.5035592317581177,-0.08360600471496582,0.6247824430465698,0.570245087146759,-0.0883738249540329,0.4658138155937195,0.4785148799419403,-9.354263602290303e-05,0.5171356797218323,0.41188713908195496,-0.0698162391781807,0.5206549167633057,0.5084033608436584,-0.08518807590007782,0.506916880607605,0.5982549786567688,-0.06790890544652939,0.3565845787525177,0.4571320116519928,-0.008408102206885815,0.379585862159729,0.2962169051170349,-0.046409301459789276,0.3950692117214203,0.1913919448852539,-0.05226448178291321,0.4065028429031372,0.10239079594612122,-0.044953759759664536
5,0.7870560884475708,0.2844405770301819,6.237146408238914e-07,0.7103886008262634,0.3092966675758362,-0.028085505589842796,0.6331565976142883,0.3797721564769745,-0.05200369656085968,0.5744174122810364,0.4339599311351776,-0.0732979029417038,0.5312288999557495,0.4760027825832367,-0.09332073479890823,0.7155846357345581,0.4863557815551758,-0.03480181843042374,0.6895877122879028,0.5712965726852417,-0.0711369439959526,0.6492600440979004,0.6238596439361572,-0.10020743310451508,0.6149478554725647,0.6596338748931885,-0.11705832183361053,0.7496851682662964,0.4977165162563324,-0.037062421441078186,0.717427670955658,0.587817370891571,-0.0670476108789444,0.6761606335639954,0.6360403299331665,-0.0867830142378807,0.6401239633560181,0.6733901500701904,-0.0985560417175293,0.7805929780006409,0.49938786029815674,-0.04235975444316864,0.7517628073692322,0.5864025950431824,-0.06665438413619995,0.7121778726577759,0.6327238082885742,-0.06777747720479965,0.6782874464988708,0.6674052476882935,-0.06523679941892624,0.8058746457099915,0.49078720808029175,-0.05065486580133438,0.7892965078353882,0.565603494644165,-0.06143426522612572,0.7654920220375061,0.6065566539764404,-0.05349137634038925,0.7422012090682983,0.6352856159210205,-0.04528148099780083
17,0.5708616375923157,0.6054297685623169,4.520434870869394e-08,0.5949469804763794,0.5630900263786316,-0.04180386662483215,0.6032987833023071,0.5004132986068726,-0.06821990013122559,0.5930153727531433,0.44972577691078186,-0.09212365746498108,0.5803086757659912,0.42766618728637695,-0.1147291362285614,0.5527931451797485,0.4181419312953949,-0.04351324960589409,0.5638541579246521,0.3359958529472351,-0.0797760933637619,0.5804585814476013,0.2917344868183136,-0.10532313585281372,0.5902048349380493,0.26107627153396606,-0.12221533060073853,0.5277069211006165,0.4377690851688385,-0.0393136627972126,0.5730504393577576,0.4053191840648651,-0.08796669542789459,0.5990376472473145,0.45874181389808655,-0.10387753695249557,0.5996699929237366,0.5008745789527893,-0.10671301186084747,0.5101470351219177,0.46834656596183777,-0.039482586085796356,0.550776481628418,0.4482452869415283,-0.08320742100477219,0.5682089328765869,0.4917210340499878,-0.07863698154687881,0.5642287731170654,0.5238880515098572,-0.06660496443510056,0.49343860149383545,0.5068755745887756,-0.04264843463897705,0.5213027000427246,0.4934237599372864,-0.06859376281499863,0.5385681986808777,0.5217146873474121,-0.059751592576503754,0.5386462211608887,0.542887806892395,-0.046590641140937805
4,0.45359525084495544,0.8130251169204712,6.904016345288255e-07,0.610755205154419,0.7872378826141357,-0.055704932659864426,0.7272595167160034,0.6163581013679504,-0.060826610773801804,0.7102290987968445,0.4588050842285156,-0.0608113557100296,0.6185826659202576,0.39861372113227844,-0.05866778641939163,0.7027953863143921,0.4723469913005829,0.006107509136199951,0.7546601891517639,0.35410207509994507,-0.01631864346563816,0.7827389240264893,0.2720130681991577,-0.04393402859568596,0.7996789813041687,0.21837365627288818,-0.06438884884119034,0.5974054336547852,0.42482990026474,0.01492293830960989,0.6346267461776733,0.29924553632736206,0.007951469160616398,0.6629935503005981,0.23122692108154297,-0.008236131630837917,0.6810299158096313,0.18873000144958496,-0.02390635944902897,0.48302024602890015,0.40322983264923096,0.012233324348926544,0.5137916803359985,0.2692873179912567,-0.01031547226011753,0.5466800332069397,0.21267277002334595,-0.02103284001350403,0.556631326675415,0.18606826663017273,-0.02936565689742565,0.3577007055282593,0.40072911977767944,0.0030840635299682617,0.38705337047576904,0.2692132890224457,-0.02357989177107811,0.42230281233787537,0.24051862955093384,-0.02278115414083004,0.434245228767395,0.24595674872398376,-0.020459383726119995
8,0.35632941126823425,0.8335647583007812,-8.394115411647363e-07,0.5095294713973999,0.8169893026351929,-0.049717068672180176,0.6398196816444397,0.6636922359466553,-0.057235460728406906,0.6502387523651123,0.512161910533905,-0.06432264298200607,0.5540775060653687,0.43526968359947205,-0.06669749319553375,0.6365696787834167,0.5476863980293274,0.007194272708147764,0.7303488254547119,0.48884478211402893,-0.03664344549179077,0.7436162233352661,0.5182702541351318,-0.06747403740882874,0.7376278638839722,0.5502275228500366,-0.07673465460538864,0.5592788457870483,0.4988987445831299,0.010367711074650288,0.6223863363265991,0.43036481738090515,-0.04255370423197746,0.6287474632263184,0.5041345357894897,-0.07640620321035385,0.6227023005485535,0.5667644739151001,-0.08278195559978485,0.46507519483566284,0.4716007113456726,0.0034291071351617575,0.5104047656059265,0.41083377599716187,-0.06618599593639374,0.5124051570892334,0.5107994079589844,-0.08192122727632523,0.4933062493801117,0.5961068868637085,-0.06588336080312729,0.35617122054100037,0.4514766037464142,-0.004820152651518583,0.3759686350822449,0.2957897484302521,-0.04338333010673523,0.39391642808914185,0.19229519367218018,-0.04902230203151703,0.40462526679039,0.10222294926643372,-0.04198925197124481
4,0.40511608123779297,0.8266226053237915,2.759941253316356e-07,0.5881423950195312,0.7918696999549866,-0.052707623690366745,0.727528989315033,0.614776074886322,-0.052784521132707596,0.7101209163665771,0.43649476766586304,-0.051150836050510406,0.6112908720970154,0.37537428736686707,-0.04630853235721588,0.6914501190185547,0.4479677081108093,0.026752395555377007,0.7654850482940674,0.3341292440891266,0.017057234421372414,0.8031195402145386,0.2693171501159668,-0.005416549276560545,0.8181131482124329,0.2214682698249817,-0.028294170275330544,0.5870304107666016,0.3853216767311096,0.03194717690348625,0.6424896121025085,0.24871566891670227,0.024964366108179092,0.6843069791793823,0.21440467238426208,0.0018286829581484199,0.6949815154075623,0.2201385498046875,-0.0203755684196949,0.47298309206962585,0.35336196422576904,0.025572648271918297,0.516262412071228,0.20094987750053406,-0.0088588185608387,0.5530989170074463,0.19627317786216736,-0.036654386669397354,0.5478630065917969,0.2475883960723877,-0.054019853472709656,0.33960843086242676,0.34836071729660034,0.014379502274096012,0.37643352150917053,0.19905522465705872,-0.03022150881588459,0.42026227712631226,0.202461838722229,-0.04654707759618759,0.4254078269004822,0.26449352502822876,-0.055018939077854156
4,0.38465580344200134,0.84969162940979,-3.902908218833545e-08,0.5676162242889404,0.8278138637542725,-0.05151671543717384,0.7014055252075195,0.6481878757476807,-0.05528688430786133,0.6717716455459595,0.4746420979499817,-0.06004450097680092,0.5548502802848816,0.42748814821243286,-0.0602647140622139,0.6786982417106628,0.436881422996521,0.033908359706401825,0.734074592590332,0.31363609433174133,0.013880479149520397,0.767035961151123,0.27914267778396606,-0.015109222382307053,0.7689658999443054,0.2865963578224182,-0.03559349104762077,0.5732208490371704,0.383706271648407,0.035582032054662704,0.615268349647522,0.231705904006958,0.018482724204659462,0.6657524108886719,0.24168547987937927,-0.008191870525479317,0.6668325662612915,0.306809663772583,-0.024355782195925713,0.4600180685520172,0.35993456840515137,0.024979431182146072,0.49737364053726196,0.19836220145225525,-0.00934452936053276,0.548205554485321,0.22381731867790222,-0.03263603150844574,0.5408797264099121,0.3082229495048523,-0.04264506325125694,0.32832401990890503,0.3609393835067749,0.008919868618249893,0.36992284655570984,0.20536431670188904,-0.028960660099983215,0.4233759641647339,0.22675058245658875,-0.03872350975871086,0.4282260835170746,0.31073325872421265,-0.039744965732097626
17,0.5352773666381836,0.6186966896057129,1.3215900196428265e-07,0.5967317223548889,0.5857325196266174,-0.041950371116399765,0.644888162612915,0.5221898555755615,-0.07200862467288971,0.6608256101608276,0.4662454426288605,-0.10167397558689117,0.6531412601470947,0.43639785051345825,-0.1306261122226715,0.5801011919975281,0.42360052466392517,-0.04421210661530495,0.5839554667472839,0.3376604914665222,-0.08164447546005249,0.5967527627944946,0.2967712879180908,-0.10461708158254623,0.6029952168464661,0.2720065712928772,-0.1189277172088623,0.5311837792396545,0.4322549104690552,-0.04197942465543747,0.5761333107948303,0.3972533643245697,-0.09189992398023605,0.6043000221252441,0.45510345697402954,-0.10724050551652908,0.6053035855293274,0.5024791955947876,-0.10928358137607574,0.492721825838089,0.4546685814857483,-0.04436681047081947,0.5335086584091187,0.42940807342529297,-0.08979924768209457,0.5530654788017273,0.48515263199806213,-0.08506923168897629,0.5490690469741821,0.5284169912338257,-0.07294929772615433,0.4576464593410492,0.48768284916877747,-0.049808938056230545,0.4973376393318176,0.467669814825058,-0.07696440070867538,0.5194289684295654,0.5073900818824768,-0.0693955346941948,0.5222311019897461,0.5411881804466248,-0.05740613862872124
8,0.34781283140182495,0.8326984643936157,-8.657754051455413e-07,0.49821704626083374,0.8201189637184143,-0.04733610898256302,0.6200119256973267,0.6680492162704468,-0.05299675092101097,0.6399490833282471,0.5230536460876465,-0.05909810587763786,0.5767594575881958,0.4335145950317383,-0.06008501350879669,0.6208339333534241,0.5521599650382996,-0.0019404549384489655,0.7039507627487183,0.47683119773864746,-0.052047647535800934,0.729293704032898,0.508694589138031,-0.08080838620662689,0.7338972687721252,0.5510825514793396,-0.08494118601083755,0.5450471043586731,0.5064826607704163,0.001112422440201044,0.6109216809272766,0.4252684712409973,-0.06190045177936554,0.6165314316749573,0.4961986839771271,-0.09577417373657227,0.6109780073165894,0.5643647313117981,-0.09774134308099747,0.4556015431880951,0.47652411460876465,-0.005699917208403349,0.5119616985321045,0.41395264863967896,-0.07976209372282028,0.5100985765457153,0.5135469436645508,-0.09577494859695435,0.49061715602874756,0.6002134680747986,-0.07648356258869171,0.35201987624168396,0.4542334973812103,-0.013787067495286465,0.3733154237270355,0.3023975193500519,-0.052161138504743576,0.3879457712173462,0.2068183720111847,-0.05810650810599327,0.39964765310287476,0.12599927186965942,-0.04873399809002876
5,0.37546306848526,0.7554041147232056,9.497567816652008e-07,0.4929012060165405,0.7238101363182068,-0.076594278216362,0.5790643692016602,0.6212398409843445,-0.1170182004570961,0.6068884134292603,0.5087799429893494,-0.14748027920722961,0.635832667350769,0.41596719622612,-0.17764469981193542,0.4814413785934448,0.49280187487602234,-0.10327710956335068,0.5295406579971313,0.3673214018344879,-0.17157641053199768,0.5794051289558411,0.31929346919059753,-0.21650269627571106,0.6265726685523987,0.30395105481147766,-0.2405485063791275,0.3971961438655853,0.4651106297969818,-0.09663155674934387,0.40213555097579956,0.30302953720092773,-0.14887823164463043,0.4125184118747711,0.19076254963874817,-0.18589918315410614,0.420894593000412,0.1062537431716919,-0.21106022596359253,0.3204013705253601,0.47274911403656006,-0.09797049313783646,0.3002361059188843,0.32453233003616333,-0.14858688414096832,0.3005561828613281,0.21885162591934204,-0.18377038836479187,0.30595993995666504,0.13829398155212402,-0.20577244460582733,0.25317567586898804,0.5059565901756287,-0.10432366281747818,0.20063157379627228,0.3949553370475769,-0.1505775898694992,0.1764460802078247,0.31616339087486267,-0.17464756965637207,0.16437271237373352,0.2505744695663452,-0.18865898251533508
17,0.38569045066833496,0.7955764532089233,1.1834588349302066e-06,0.5247876048088074,0.7391165494918823,-0.06287673860788345,0.6152821183204651,0.6083067655563354,-0.07648254930973053,0.5782493352890015,0.46920618414878845,-0.08492591977119446,0.5034597516059875,0.395932674407959,-0.09112659096717834,0.6374918222427368,0.5220605134963989,-0.03832731023430824,0.6804052591323853,0.36959123611450195,-0.07169686257839203,0.6894288659095764,0.2551638185977936,-0.09529085457324982,0.6910704374313354,0.16230380535125732,-0.11178264766931534,0.541789174079895,0.48123228549957275,-0.026812685653567314,0.5792157649993896,0.34926724433898926,-0.06277003884315491,0.591021716594696,0.24716892838478088,-0.08580984175205231,0.601880669593811,0.1709173023700714,-0.10043185949325562,0.4396367371082306,0.46668103337287903,-0.02261887863278389,0.4624691903591156,0.3454195261001587,-0.08472584933042526,0.4594544768333435,0.39506250619888306,-0.09673353284597397,0.4490709900856018,0.4695642590522766,-0.08742918074131012,0.3334104120731354,0.46918073296546936,-0.022141318768262863,0.34784799814224243,0.37128061056137085,-0.0770295113325119,0.36127278208732605,0.39676782488822937,-0.08099623024463654,0.3596055805683136,0.45651382207870483,-0.07056830078363419
5,0.7291754484176636,0.2674671411514282,-1.4042389295809699e-07,0.7723826766014099,0.34349915385246277,-0.004712588153779507,0.7816561460494995,0.43849486112594604,-0.015764376148581505,0.766514003276825,0.5107946991920471,-0.028626877814531326,0.7429883480072021,0.5563315153121948,-0.038101449608802795,0.7598165273666382,0.47904863953590393,-0.02279910072684288,0.6996526122093201,0.5437029600143433,-0.05600936710834503,0.6860016584396362,0.5337232351303101,-0.07643502950668335,0.6996715068817139,0.5107017159461975,-0.08570040017366409,0.7085577249526978,0.4514996409416199,-0.03599778190255165,0.6505993604660034,0.5167752504348755,-0.062144987285137177,0.646903395652771,0.5023922920227051,-0.0723586156964302,0.6633704304695129,0.4778910279273987,-0.07632995396852493,0.6553875803947449,0.4145025610923767,-0.05018359795212746,0.598906934261322,0.477057546377182,-0.07265379279851913,0.6000833511352539,0.4604274332523346,-0.06663665920495987,0.6185081005096436,0.4384547472000122,-0.0588051900267601,0.6061333417892456,0.36869120597839355,-0.0645499974489212,0.5544172525405884,0.4203343987464905,-0.07783868163824081,0.5525097846984863,0.4112732708454132,-0.06861568242311478,0.5615031719207764,0.3956867456436157,-0.058323074132204056
17,0.5089865922927856,0.642677903175354,8.558644459810694e-09,0.5789725184440613,0.6250346899032593,-0.03782720863819122,0.6386511921882629,0.5674597024917603,-0.06731969863176346,0.6675650477409363,0.5121615529060364,-0.09518928825855255,0.6776057481765747,0.46980807185173035,-0.1233510747551918,0.5982946753501892,0.47445154190063477,-0.05359377712011337,0.6228251457214355,0.40215152502059937,-0.0891428142786026,0.64077228307724,0.3701549768447876,-0.11018578708171844,0.6517751812934875,0.3476157784461975,-0.1247984990477562,0.5479239821434021,0.4695654809474945,-0.053210776299238205,0.6093112826347351,0.4595774710178375,-0.10600841790437698,0.6267675757408142,0.5286797285079956,-0.11895236372947693,0.6154070496559143,0.5765798091888428,-0.1196557879447937,0.5043790936470032,0.4833409786224365,-0.055898379534482956,0.5529444217681885,0.4732324182987213,-0.10744761675596237,0.5658270716667175,0.5365185737609863,-0.09810811281204224,0.5532853007316589,0.5797997713088989,-0.08270937204360962,0.4616084098815918,0.5103193521499634,-0.06063999608159065,0.5113444328308105,0.49722734093666077,-0.09824232757091522,0.5298492908477783,0.5468962788581848,-0.08964086323976517,0.5233781933784485,0.5864267945289612,-0.07603679597377777
5,0.7860708832740784,0.27370592951774597,6.20490197889012e-07,0.6902830004692078,0.296405553817749,-0.025920314714312553,0.6098220348358154,0.36649417877197266,-0.045296359807252884,0.5624675750732422,0.4222199022769928,-0.06262611597776413,0.5286151766777039,0.4660604000091553,-0.07893113046884537,0.6914117932319641,0.4759347140789032,-0.027823027223348618,0.6677160859107971,0.5602025389671326,-0.06066100671887398,0.630909264087677,0.6136399507522583,-0.08789826184511185,0.5989090204238892,0.6495171189308167,-0.10343562811613083,0.7386188507080078,0.4923856556415558,-0.0294052641838789,0.7104557156562805,0.5838854908943176,-0.05534343793988228,0.6737408638000488,0.6350648403167725,-0.07439141720533371,0.6416093707084656,0.6747678518295288,-0.0857664942741394,0.7849457859992981,0.4994850754737854,-0.03403523936867714,0.7625226974487305,0.5873674750328064,-0.05508136376738548,0.7259349822998047,0.638691246509552,-0.058057717978954315,0.6942306756973267,0.6783784627914429,-0.05710691586136818,0.8279328942298889,0.4956474006175995,-0.041405580937862396,0.82035231590271,0.5735270380973816,-0.051695458590984344,0.802742600440979,0.6191076040267944,-0.045614030212163925,0.7831520438194275,0.6522270441055298,-0.038477879017591476
16,0.4419189691543579,0.6243138313293457,4.7500370214947907e-07,0.5179187059402466,0.6238605976104736,-0.03728484362363815,0.5900872349739075,0.5822350382804871,-0.0547650083899498,0.6303737163543701,0.5324597954750061,-0.06720779091119766,0.6489919424057007,0.48458290100097656,-0.07706013321876526,0.5349729061126709,0.48247987031936646,-0.035485800355672836,0.5772275924682617,0.4135916531085968,-0.05529937148094177,0.6170334815979004,0.38733816146850586,-0.06890618056058884,0.6500281095504761,0.37639814615249634,-0.07683007419109344,0.5070748925209045,0.46677857637405396,-0.02516980655491352,0.5563623905181885,0.4055275321006775,-0.041427019983530045,0.595350444316864,0.37858933210372925,-0.05178734287619591,0.6291801333427429,0.36419782042503357,-0.058921560645103455,0.48774653673171997,0.4597044885158539,-0.018116846680641174,0.5377845764160156,0.4028955101966858,-0.03061881847679615,0.5765556693077087,0.378587543964386,-0.03178868442773819,0.6087227463722229,0.3637729287147522,-0.031675517559051514,0.4740486443042755,0.46107664704322815,-0.014874506741762161,0.521116316318512,0.40978747606277466,-0.020267801359295845,0.5582239627838135,0.3825662136077881,-0.017861776053905487,0.5892906188964844,0.3696615993976593,-0.01504549477249384
4,0.4021695852279663,0.8230669498443604,2.1831283447681926e-07,0.5863229632377625,0.7984544038772583,-0.05731258913874626,0.7203303575515747,0.6175692081451416,-0.059830017387866974,0.688730001449585,0.4350854456424713,-0.06013094261288643,0.5748367309570312,0.3862968385219574,-0.056322064250707626,0.6968071460723877,0.4364018440246582,0.02279994823038578,0.7694486379623413,0.322506308555603,0.007366367615759373,0.805404782295227,0.26242488622665405,-0.016654610633850098,0.8162037134170532,0.2322259247303009,-0.03720651566982269,0.5913379192352295,0.3712587058544159,0.029878798872232437,0.6479541063308716,0.23272168636322021,0.02040691114962101,0.6943904161453247,0.21510091423988342,0.0007875929004512727,0.7047550678253174,0.2466430515050888,-0.015476206317543983,0.4780213236808777,0.33994925022125244,0.024649813771247864,0.5250215530395508,0.19017532467842102,-0.010040253400802612,0.5659696459770203,0.19657036662101746,-0.03299786150455475,0.5601067543029785,0.26187556982040405,-0.04488645866513252,0.3456100821495056,0.3373231589794159,0.014051476493477821,0.39485904574394226,0.18774420022964478,-0.027933422476053238,0.43941694498062134,0.19777405261993408,-0.040398191660642624,0.44068628549575806,0.26977962255477905,-0.04463557153940201
4,0.398263156414032,0.8248181343078613,6.568417347807554e-07,0.5823107957839966,0.7932395935058594,-0.057761989533901215,0.7187764644622803,0.6067891120910645,-0.055516473948955536,0.6997882127761841,0.4238787889480591,-0.048617884516716,0.5951066017150879,0.37498849630355835,-0.03860320523381233,0.6940792798995972,0.47273918986320496,0.02429274655878544,0.7571589946746826,0.35992303490638733,0.017802100628614426,0.7868031859397888,0.2849833369255066,-0.00311107374727726,0.803478479385376,0.22118312120437622,-0.024677101522684097,0.5864837765693665,0.40946826338768005,0.03440966457128525,0.6374503374099731,0.29076385498046875,0.04278988018631935,0.6673308610916138,0.23016583919525146,0.03248234838247299,0.6803584694862366,0.17595526576042175,0.01808108761906624,0.4713079631328583,0.376686692237854,0.032137680798769,0.509720504283905,0.2517874240875244,0.019945837557315826,0.5390521883964539,0.20734867453575134,0.014633454382419586,0.5407983064651489,0.1765981912612915,0.007936762645840645,0.3395472764968872,0.3692792057991028,0.022066308185458183,0.3752983808517456,0.2441752552986145,0.0042125447653234005,0.40256908535957336,0.22592958807945251,0.010537546128034592,0.4028376042842865,0.23142647743225098,0.01499213371425867
5,0.7276998162269592,0.26208534836769104,-2.91883878844601e-07,0.7740892171859741,0.345584899187088,-0.003813324961811304,0.7868925929069519,0.4453694224357605,-0.016025317832827568,0.7697311043739319,0.5214840769767761,-0.031179524958133698,0.739148736000061,0.5659793019294739,-0.04198140650987625,0.7611448764801025,0.48413366079330444,-0.016488542780280113,0.6859006881713867,0.5480054616928101,-0.050597261637449265,0.6822278499603271,0.5252112746238708,-0.07203788310289383,0.7052817344665527,0.49605774879455566,-0.08128169924020767,0.7090227007865906,0.4547143876552582,-0.029653947800397873,0.6389126181602478,0.5172754526138306,-0.05734828859567642,0.640976071357727,0.49324852228164673,-0.06880666315555573,0.6641278266906738,0.4637746810913086,-0.07228328287601471,0.6532939076423645,0.4170476794242859,-0.04411944001913071,0.5892828702926636,0.4775876998901367,-0.06671800464391708,0.5943008661270142,0.45413029193878174,-0.06061234697699547,0.6184569001197815,0.427799791097641,-0.05152970552444458,0.601302981376648,0.37173697352409363,-0.05857348069548607,0.5453014969825745,0.42597272992134094,-0.07035522907972336,0.5457640290260315,0.4131692945957184,-0.060097888112068176,0.5597826242446899,0.3947739601135254,-0.048256419599056244
8,0.5394831299781799,0.7055901288986206,-4.229905528063682e-07,0.6362565755844116,0.6864925026893616,-0.0588412806391716,0.7350336313247681,0.6158207058906555,-0.0935152992606163,0.7811036705970764,0.5468672513961792,-0.12391945719718933,0.7681118249893188,0.5031355023384094,-0.14787910878658295,0.7168459296226501,0.4628298580646515,-0.0463048592209816,0.7562020421028137,0.42487993836402893,-0.11033348739147186,0.7418614029884338,0.5036832690238953,-0.14978832006454468,0.7246361374855042,0.5735746026039124,-0.16757836937904358,0.6414854526519775,0.43680790066719055,-0.040766194462776184,0.6791027188301086,0.40960270166397095,-0.10563074797391891,0.6713968515396118,0.5238485932350159,-0.12296167761087418,0.6565528512001038,0.60219407081604,-0.12150625884532928,0.5637698173522949,0.43159058690071106,-0.045223042368888855,0.598710298538208,0.4097151756286621,-0.10707401484251022,0.6032557487487793,0.5178752541542053,-0.09129498153924942,0.5918638110160828,0.5922962427139282,-0.06567572802305222,0.4833894371986389,0.44568920135498047,-0.05460185185074806,0.5218024849891663,0.43645432591438293,-0.09805195778608322,0.5330559015274048,0.5170440673828125,-0.08342846482992172,0.528457760810852,0.5710884928703308,-0.06064841151237488
12,0.4031780958175659,0.8557623624801636,-4.534060593641698e-08,0.2733880877494812,0.7557651996612549,-0.03181684389710426,0.2079543024301529,0.605243444442749,-0.04628882184624672,0.22246244549751282,0.46699994802474976,-0.06253926455974579,0.2645561099052429,0.36386868357658386,-0.07514119148254395,0.2733270823955536,0.44235411286354065,0.007254749070852995,0.28031203150749207,0.3105734586715698,-0.02733718976378441,0.2934454083442688,0.30813974142074585,-0.0583612285554409,0.30663299560546875,0.3243687152862549,-0.07749483734369278,0.3771423399448395,0.4165194630622864,-0.002671128138899803,0.3947550654411316,0.26820701360702515,-0.02567274309694767,0.407054603099823,0.24907663464546204,-0.05334828421473503,0.41592103242874146,0.243257075548172,-0.06980889290571213,0.4839392304420471,0.421383798122406,-0.020451782271265984,0.5112632513046265,0.28420814871788025,-0.05026423931121826,0.5223022699356079,0.2557867169380188,-0.061341121792793274,0.5265699625015259,0.23615893721580505,-0.06448982656002045,0.5818239450454712,0.458006352186203,-0.04071192815899849,0.6065191030502319,0.35871946811676025,-0.05929863825440407,0.6186841726303101,0.3287031650543213,-0.05072128400206566,0.6221520900726318,0.30182990431785583,-0.039949771016836166
4,0.3788171112537384,0.8557027578353882,-1.8798863266056287e-07,0.5685683488845825,0.8303228616714478,-0.04533137008547783,0.7080463171005249,0.6479740142822266,-0.04638981819152832,0.687682032585144,0.4724763333797455,-0.05093349888920784,0.5831352472305298,0.4144366383552551,-0.05007532238960266,0.673989474773407,0.426669716835022,0.049848586320877075,0.732036292552948,0.29728060960769653,0.02875804901123047,0.7677298784255981,0.2773341238498688,-0.0010780665325000882,0.7706465125083923,0.3017943501472473,-0.020647136494517326,0.5701690912246704,0.3759514093399048,0.04879783093929291,0.6165223121643066,0.22343799471855164,0.031799573451280594,0.6676299571990967,0.24638831615447998,0.0031337146647274494,0.6687301993370056,0.3203555643558502,-0.013504899106919765,0.4584907591342926,0.3533490002155304,0.034792546182870865,0.499403178691864,0.1947633922100067,0.0004178374947514385,0.5513646602630615,0.22824668884277344,-0.022399229928851128,0.5460591912269592,0.31637901067733765,-0.031541161239147186,0.3270891010761261,0.35506314039230347,0.015608747489750385,0.3726508915424347,0.20621159672737122,-0.02030717395246029,0.4272155165672302,0.2334918975830078,-0.028585627675056458,0.4329443871974945,0.31875208020210266,-0.02840481884777546
4,0.45006313920021057,0.8126771450042725,8.153362500706862e-07,0.6117330193519592,0.7899869680404663,-0.057623058557510376,0.7324351072311401,0.6132284998893738,-0.06306175887584686,0.7129937410354614,0.4498573839664459,-0.06185232475399971,0.6130986213684082,0.40577059984207153,-0.05947360023856163,0.6894681453704834,0.49278202652931213,-0.0011336999014019966,0.7441274523735046,0.3728460967540741,-0.019425449892878532,0.7769197225570679,0.2850807011127472,-0.04313310980796814,0.7972440123558044,0.2228735387325287,-0.06264910101890564,0.5885627865791321,0.4492036700248718,0.010482188314199448,0.6301011443138123,0.32952558994293213,0.003624772187322378,0.6619873642921448,0.25861647725105286,-0.01236706506460905,0.6838920712471008,0.20574688911437988,-0.027281031012535095,0.48097264766693115,0.42619752883911133,0.012131507508456707,0.5128252506256104,0.3002706468105316,-0.007148989010602236,0.5497815608978271,0.23813429474830627,-0.016116559505462646,0.5649396181106567,0.19598078727722168,-0.023735512048006058,0.36659562587738037,0.41863006353378296,0.007347980979830027,0.3967411518096924,0.29646366834640503,-0.013834583573043346,0.42732271552085876,0.2604276239871979,-0.011549532413482666,0.4387407898902893,0.2494271695613861,-0.009347873739898205
5,0.7290149331092834,0.27247896790504456,-2.47922429252867e-07,0.7732700109481812,0.35046088695526123,-0.0032682488672435284,0.7851897478103638,0.44416293501853943,-0.014033243060112,0.7725826501846313,0.5173900127410889,-0.02739042229950428,0.7509675025939941,0.5625758767127991,-0.036812637001276016,0.7593384981155396,0.48132389783859253,-0.019365686923265457,0.6925525069236755,0.5477628707885742,-0.05158691853284836,0.6869505643844604,0.524720311164856,-0.07088306546211243,0.7098578810691833,0.4955233931541443,-0.07929091900587082,0.70896315574646,0.45240694284439087,-0.03311901167035103,0.6457086801528931,0.5159186720848083,-0.058570053428411484,0.6455997824668884,0.49492302536964417,-0.06813707202672958,0.6669036149978638,0.46771904826164246,-0.07148738950490952,0.6563195586204529,0.41553035378456116,-0.04792319983243942,0.5969803333282471,0.4755268096923828,-0.06960390508174896,0.5985884666442871,0.45503705739974976,-0.0626048743724823,0.619521975517273,0.4318794310092926,-0.05401179566979408,0.6077200770378113,0.37051981687545776,-0.06269091367721558,0.5544546842575073,0.4216884970664978,-0.0755341425538063,0.5506904721260071,0.41107508540153503,-0.06567397713661194,0.5597281455993652,0.39553603529930115,-0.05472733825445175
4,0.6151204109191895,0.37992048263549805,-2.051935013014372e-07,0.5637992024421692,0.4019412100315094,-0.06234169751405716,0.5042324662208557,0.3818802535533905,-0.09544555097818375,0.4860341548919678,0.34410056471824646,-0.12107667326927185,0.49117010831832886,0.31428560614585876,-0.14030227065086365,0.47949469089508057,0.2731618881225586,-0.060738395899534225,0.47300228476524353,0.23280669748783112,-0.11391949653625488,0.49070531129837036,0.2765401303768158,-0.14030122756958008,0.4987369179725647,0.2862321138381958,-0.15318667888641357,0.5387433767318726,0.2328118085861206,-0.051882416009902954,0.5411297082901001,0.19263753294944763,-0.10602269321680069,0.5591204762458801,0.2522316873073578,-0.11733044683933258,0.5658642649650574,0.26309657096862793,-0.11461339145898819,0.5980048179626465,0.21675296127796173,-0.05209735780954361,0.6100128889083862,0.1927260011434555,-0.10663915425539017,0.6175271272659302,0.25153639912605286,-0.10096373409032822,0.6185240149497986,0.263882040977478,-0.08601242303848267,0.6575341820716858,0.21475020051002502,-0.057009439915418625,0.6749328970909119,0.20697423815727234,-0.08928661793470383,0.6721927523612976,0.2503588795661926,-0.08367957919836044,0.6675309538841248,0.26220938563346863,-0.07266373187303543
8,0.33678513765335083,0.8600879907608032,-1.15600278149941e-06,0.49665912985801697,0.8496456146240234,-0.07013362646102905,0.6442773938179016,0.6943429708480835,-0.08671747893095016,0.6755741834640503,0.527341902256012,-0.10000530630350113,0.5935264229774475,0.42825600504875183,-0.10408652573823929,0.6509311199188232,0.5660662651062012,-0.022638732567429543,0.745552659034729,0.4825608730316162,-0.088463693857193,0.7387183308601379,0.5446699857711792,-0.12331076711416245,0.7133278846740723,0.5964709520339966,-0.13037589192390442,0.5600451231002808,0.5134146809577942,-0.012246727012097836,0.6198672652244568,0.4408465325832367,-0.0817038044333458,0.6039562225341797,0.5291310548782349,-0.11310113221406937,0.5864807963371277,0.5883984565734863,-0.11591806262731552,0.4591688811779022,0.4816097915172577,-0.015081982128322124,0.49859991669654846,0.41723328828811646,-0.09715744107961655,0.49031388759613037,0.522411048412323,-0.10937030613422394,0.4733738303184509,0.6040533781051636,-0.08943282812833786,0.34521007537841797,0.4551084041595459,-0.021247295662760735,0.38716140389442444,0.29349300265312195,-0.06923989206552505,0.4129619300365448,0.1900041103363037,-0.07891020178794861,0.4375431537628174,0.09551584720611572,-0.07267458736896515
